{"ybhmpkcewqqvyrwqavwhdhoaewukukzb":"用","cdabxfxneqtnwuxkdyqeflrfmkwacjxm":"#7","yzengmmnwaiczbpreqvxpeafjwddkkbp":"密码","aqyvbctmczgjkdwmyzofryyekqzmxqqf":"密码","loqjbssinnrgqwpytxvajavjagufvfbs":"作战吃药","multi_account_user17auto_recruit0":true,"multi_account_user17auto_recruit1":true,"multi_account_user17auto_recruit4":true,"nhxvhmffmbvshpfduhveurkwcxqnwskr":"账号29在","multi_account_user17auto_recruit5":true,"multi_account_user17auto_recruit6":false,"hctjulafsvbwfzkrbggocksomdqqwmzi":"信用多买","anrtixbbudgjzgqzasfxccwlojdnthap":"作战吃药","rrgbqwrayliwekdkexzheekmagkddhnr":"账号23","ctwppxafwvpgqvtrapudbdnbxqkhtduw":"#2","wltwhrsbkozifkwqcwtzgakljcgztodz":"次，吃石头","pjpepgeqvfzbzxrkyddiwohqajuogyhf":"用","multi_account_user29max_stone_times":"0","multi_account_user29low_priority_goods":"碳 家 急","multi_account_user14raise_plan_text":"","lssciogjmjalskejidxpfaitnjkrssey":"账号18","dgpylripkpzudkrmbajnrljugvveihln":"次","cebpetqgbewecbgtsccgfmdlzwskamtt":"#8","multi_account_user11max_stone_times":"0","bpzoakgznloogrjsxgfbmfcxtmtvjrrq":"次","multi_account_user11max_drug_times":"0","multi_account_user28auto_recruit0":true,"multi_account_user28auto_recruit1":true,"multi_account_user28auto_recruit4":true,"multi_account_user6raise_plan_text":"","wjgmospptwrntvptnadnsoonjrillijb":"信用多买","multi_account_user28auto_recruit6":false,"multi_account_user2max_drug_times":"0","eqitanuwpepzrljjseoilffnzzkxwiyb":"信用少买","multi_account_user28auto_recruit5":true,"multi_account_user29auto_recruit6":false,"multi_account_user29auto_recruit5":true,"multi_account_user29auto_recruit4":true,"wyazdaqwazwznmbtgobxuxtsjupmvjto":"账号02","fjdybyhtxmwsprartmbknkfvxoqqllek":"信用多买","multi_account_user3max_stone_times":"0","multi_account_user26high_priority_goods":"聘 土 装置 技","multi_account_user29auto_recruit1":true,"multi_account_user29auto_recruit0":true,"rnurzeyboltscxclvgyfcnrdybdzdahy":"#15","oaczjxeisbrfszdpykkpvnushcaqdvjw":"作战吃药","oupmdovmfnkvfysxnmvdiqfoqwlnhefy":"自动招募","multi_account_user16auto_recruit0":true,"multi_account_user16auto_recruit1":true,"multi_account_user16auto_recruit4":true,"multi_account_user16auto_recruit5":true,"tigubqiacijhnejdxqctokcnbrilgnxa":"用","trhhlydwonukzcjeqnwnrroarpbngnne":"作战吃药","password8":"","multi_account_user18auto_recruit5":true,"yrzwydjlsemxeqrekprourduwxmrodkv":"作战关卡","password7":"","multi_account_user18auto_recruit4":true,"oycuxjppyiqzkraxcqzavojqgnjcibcx":"作战关卡","multi_account_user3max_drug_times":"0","password9":"","multi_account_user18auto_recruit6":false,"password4":"","cjpejzscmycndynwggmvbnqvhhtuyvid":"账号06在","multi_account_user18auto_recruit1":true,"password3":"","kaxfkfhaijaooffnxnoskoaspwxgsahq":"培养计划","multi_account_user18auto_recruit0":true,"password6":"","password5":"","password2":"","password1":"","dpfobzzmrkypbnaiiegtuibhmdydlbxq":"作战关卡","beomfblfxledlemutvznhcjikbmceujz":"#3","lqrxeqbwmaftvfwkafqetfmuzzsirteh":"次","jmimaovqigzkcqgfjvtlapthlafchaua":"次","zdwvkfdlhscwoesgetottqmjulsxvmxv":"信用多买","yjfvnxwisqmuwemphnszgfrrmddmqsrn":"培养计划","vlkpiuaccukiqhicsffybgqyzmhdevth":"密码","waqoqtazdsucsrrhrbcagghefusbydmi":"自动招募","revpubnrekkwuabezindtnmdtymvvcsq":"作战吃药","stlfevjbclziwfiaxpxervvmerlmbimp":"用","dbisggakatwnwbxmojoclavsfcuefkzm":"信用少买","multi_account_user27low_priority_goods":"碳 家 急","xnotegzsxdvamgzidqrwpxwcnxyrfmlk":"作战关卡","ohthxlwasfpznpsmnegtszenkwdyipaq":"信用少买","tvpuawpwramolowvllesgtzcsfnvqzrk":"信用少买","dtfthccnrxqwlpcdsduzwecbrznoyizm":"培养计划","multi_account_user14now_job_ui1":true,"exsroboubxuakysbcsireuptzxgjxrrf":"返回","mfonnecespyrmhrosvmkvnnvpxolxxpi":"用","multi_account_user14now_job_ui2":true,"multi_account_user15high_priority_goods":"聘 土 装置 技","multi_account_user14now_job_ui3":true,"multi_account_user14now_job_ui4":true,"oliswnxxuhfoxgrmkctunndiksmdyyap":"信用少买","multi_account_user27now_job_ui1":true,"multi_account_user12raise_plan_text":"","multi_account_user27auto_recruit6":false,"multi_account_user27now_job_ui2":true,"multi_account_user27now_job_ui3":true,"eazgsytmupcovvnngqbzfovtzvlbqktn":"用","multi_account_user27now_job_ui4":true,"dhbsvzjszdlnpdqhtwppcfimfwpcfwoj":"密码","multi_account_user27now_job_ui5":true,"ogokkekzbliuxrcbgicbcghhlcxefqta":"次","multi_account_user27now_job_ui6":true,"multi_account_user2now_job_ui4":true,"multi_account_user27now_job_ui7":true,"multi_account_user2now_job_ui5":true,"multi_account_user27now_job_ui8":true,"multi_account_user2now_job_ui2":true,"multi_account_user27now_job_ui9":true,"multi_account_user2now_job_ui3":true,"nwbbnjudnkmjfwtljkawryxbetpjirgg":"自动招募","multi_account_user2now_job_ui1":true,"multi_account_user5fight_ui":"jm hd ce ls pr ap","multi_account_user12max_drug_times":"0","multi_account_user8raise_plan_text":"","multi_account_user14now_job_ui5":true,"multi_account_user14now_job_ui6":true,"multi_account_user14now_job_ui7":true,"multi_account_user14now_job_ui8":true,"multi_account_user23fight_ui":"jm hd ce ls pr ap","multi_account_user2now_job_ui8":true,"multi_account_user5max_stone_times":"0","multi_account_user14now_job_ui9":true,"multi_account_user2now_job_ui9":true,"multi_account_user2now_job_ui6":true,"gabeaoxwdvemvoguprowglmmwusqhtmu":"信用少买","multi_account_user1max_stone_times":"0","multi_account_user2now_job_ui7":true,"cklcxcgvmpuujrxwvdpgcskfcchpkghn":"信用多买","multi_account_user2fight_ui":"jm hd ce ls pr ap","mvfgbhgobcdcukqrsvwfxsfqvqyjomwg":"密码","multi_account_user5low_priority_goods":"碳 家 急","rjhjdtnfretbzjwuuyrgkazocyqppgcn":"次，吃石头","multi_account_user30high_priority_goods":"聘 土 装置 技","multi_account_user30now_job_ui10":true,"multi_account_user30now_job_ui11":true,"multi_account_user25low_priority_goods":"碳 家 急","caqvythgtcitnhlqtewpgrscyreffxqh":"次","multi_account_user27auto_recruit1":true,"multi_account_user27auto_recruit0":true,"oapsddcnqspwxsgrlvwkojpjzfpgtmma":"自动招募","multi_account_user20high_priority_goods":"聘 土 装置 技","multi_account_user27auto_recruit5":true,"multi_account_user27auto_recruit4":true,"multi_account_user20fight_ui":"jm hd ce ls pr ap","uusckocpvoseoqyszfulbretsutccfex":"自动招募","jiuxqsrwtnwkilhwdddejyoskcsuczmg":"#29","multi_account_user30now_job_ui16":true,"fppybspndzwmzvvycotbixlpujeoutnc":"账号22在","multi_account_user30now_job_ui14":true,"multi_account_user8fight_ui":"jm hd ce ls pr ap","multi_account_user30now_job_ui15":true,"rnukvjyxyhsfawdygyslcmcwasmvxqrq":"作战吃药","multi_account_user30now_job_ui12":true,"multi_account_user30now_job_ui13":true,"multi_account_user4raise_plan_text":"","tyaamsiomrdzttbdofjwkpalkkdvsgmy":"信用多买","multi_account_user10max_drug_times":"0","atjfrzdgcncfvhoaofixdbkutzrcmgkk":"账号20在","gsicdkvljqkkdysoqisxiihhqepcncdi":"#17","euidvsruozywaropxclnwmtmepdovjfx":"密码","ooydcwekhccvkffqzwtmhhiyfepfhdfg":"次","puaitjgeqtxopepnrvoqmoeztelchdjc":"信用多买","mqllosdxythvgcmnndifudnukvblcrkb":"账号19","multi_account_user11low_priority_goods":"碳 家 急","multi_account_user21low_priority_goods":"碳 家 急","password13":"","password12":"","password15":"","password14":"","fmoxybyqewcaygwdjtgyldghmmwfxdwi":"信用多买","password11":"","multi_account_user27max_stone_times":"0","multi_account_user9low_priority_goods":"碳 家 急","password10":"","fdeywwoqnubzokdnnubqlokvfwnobxki":"信用多买","pkabgvfzvkeqxovdirarcfvoqwnxczzq":"账号09在","multi_account_user25auto_recruit6":false,"multi_account_user25auto_recruit5":true,"multi_account_user25auto_recruit4":true,"fvcosqxhiurqnsdqbavztshspjdrfoff":"信用少买","multi_account_user22now_job_ui15":true,"multi_account_user22now_job_ui16":true,"multi_account_user22now_job_ui13":true,"multi_account_user22now_job_ui14":true,"multi_account_user22now_job_ui11":true,"multi_account_user22now_job_ui12":true,"multi_account_user22now_job_ui10":true,"multi_account_user27high_priority_goods":"聘 土 装置 技","qrgyuugxqxtduporrlavocyrqdhoxlvy":"#19","kmhbgotfrbnveifnweuhyhxukrvpfujn":"密码","yxrwzimddyhvdabntrghehdxqaxcuktb":"切号助手","ggacrjslxeplrmnmdcfqtbylgnzqygdn":"次","multi_account_inherit_spinner28":0,"multi_account_inherit_spinner27":0,"multi_account_inherit_spinner26":0,"multi_account_inherit_spinner25":0,"multi_account_user24auto_recruit1":true,"multi_account_user24auto_recruit0":true,"multi_account_inherit_spinner29":0,"multi_account_user15fight_ui":"jm hd ce ls pr ap","multi_account_inherit_spinner30":0,"multi_account_user25auto_recruit1":true,"multi_account_user25auto_recruit0":true,"multi_account_user14auto_recruit6":false,"multi_account_user14auto_recruit4":true,"rvjxaxfmmrjdocqpdbfphizvprbovrxz":"培养计划","multi_account_user14auto_recruit5":true,"mpprxfqgudsuzozckfhiitjdsrseldoe":"次，吃石头","multi_account_user1low_priority_goods":"碳 家 急","multi_account_user16high_priority_goods":"聘 土 装置 技","multi_account_user16raise_plan_text":"","hiqbdsxtuveardzgjnnvhidlewbutmwr":"次，吃石头","multi_account_inherit_spinner17":0,"syqlhhmjecburapgmfviyuqcfrijifse":"账号26在","multi_account_inherit_spinner16":0,"multi_account_user14auto_recruit0":true,"multi_account_inherit_spinner15":0,"multi_account_inherit_spinner14":0,"multi_account_user14auto_recruit1":true,"multi_account_inherit_spinner19":0,"multi_account_inherit_spinner18":0,"multi_account_user10now_job_ui2":true,"multi_account_inherit_spinner20":0,"nmgbzmbghdrvxvamnxpldeegbymqyipw":"信用少买","multi_account_user10now_job_ui1":true,"multi_account_user10now_job_ui4":true,"huetiqvrrsrthygfztuupseolqgsdgod":"信用少买","multi_account_user10now_job_ui3":true,"multi_account_user10now_job_ui6":true,"smcohtyirvkiaiqajcgkkusddprinwds":"用","multi_account_inherit_spinner24":0,"multi_account_user10now_job_ui5":true,"multi_account_inherit_spinner23":0,"multi_account_user10now_job_ui8":true,"multi_account_inherit_spinner22":0,"dogltnaekujhsndspfnmolpmidhjmoyk":"次","multi_account_user10now_job_ui7":true,"multi_account_inherit_spinner21":0,"multi_account_user10now_job_ui9":true,"multi_account_user19low_priority_goods":"碳 家 急","multi_account_user10high_priority_goods":"聘 土 装置 技","multi_account_user26now_job_ui15":true,"multi_account_user26now_job_ui16":true,"multi_account_user27now_job_ui16":true,"multi_account_user23now_job_ui11":true,"multi_account_user26now_job_ui13":true,"multi_account_end_closeapp":true,"multi_account_user23now_job_ui10":true,"multi_account_user26fight_ui":"jm hd ce ls pr ap","multi_account_user26now_job_ui14":true,"multi_account_user23now_job_ui13":true,"multi_account_user27now_job_ui13":true,"multi_account_user23now_job_ui12":true,"multi_account_user27now_job_ui12":true,"multi_account_user23now_job_ui15":true,"multi_account_user27now_job_ui15":true,"vpyxvfcocefitryzawdscdxyppdoqvet":"信用少买","multi_account_user23now_job_ui14":true,"multi_account_user27now_job_ui14":true,"multi_account_user23now_job_ui16":true,"multi_account_user27now_job_ui11":true,"multi_account_user27now_job_ui10":true,"multi_account_user26now_job_ui11":true,"multi_account_user26now_job_ui12":true,"fjuitvcnmquaunufzpmuauugesqwlzyw":"次，吃石头","multi_account_user26now_job_ui10":true,"qrgbgdhnvtcwdyjqocyltypokiwypuee":"作战吃药","hbhuegzlidlumjqsdblongvwrhyyidoy":"密码","multi_account_inherit_spinner13":0,"multi_account_user18raise_plan_text":"","tlgiwrczrfckojrqrvtfeqectrdrfcja":"密码","multi_account_inherit_spinner12":0,"multi_account_inherit_spinner11":0,"multi_account_inherit_spinner10":0,"multi_account_user7max_stone_times":"0","pmjyugcbgssssqnrasyckclloltkllin":"次，吃石头","vtvjxadgaputxkvjcsrzwctoiqyyeoaw":"自动招募","multi_account_user15auto_recruit1":true,"multi_account_user5high_priority_goods":"聘 土 装置 技","multi_account_user15auto_recruit4":true,"multi_account_user15auto_recruit0":true,"vfkgktpbeobuhamwhcinnmxthxezyhwv":"培养计划","dlbwxdribjzfzbtexeqbahjmvyeiobor":"#9","pjaqhrtpxlvcfhkskyhaeokuzcbghcgp":"次，吃石头","kknwpxlwovfhsbrllsflrqgnrdaissmu":"账号11在","cqdkjwkoaanlycybaqebvptfrvyaxikl":"用","vbqklaovlrtqaaztufjzpqvbcmeokvgl":"自动招募","gekxpxfgxutjmeizipqowlyjswtnwshx":"作战关卡","yqaprhhilncsohukptsrvxkgfbhizrwx":"次，吃石头","qyrcigtofprkyolktetcselieayqzmya":"作战吃药","drhqkrwzrawddnuzulrtuwparbszhqcb":"自动招募","multi_account_user26auto_recruit1":true,"multi_account_user16auto_recruit6":false,"multi_account_user26auto_recruit4":true,"wnbjcbazwvqqrpnqcbwbjwvggjawdzon":"自动招募","multi_account_user15auto_recruit5":true,"pisbwvkgrjjbdxtlpkuvanzgmjllocxu":"账号16","vzdcinommjjydjyotalivuglvowyziui":"用","multi_account_user15auto_recruit6":false,"multi_account_user26auto_recruit0":true,"multi_account_user18max_stone_times":"0","multi_account_enable":false,"nfcspebxeaevjemmsaorbpstadylstbl":"信用少买","ieguxwnaldewxsvsxfnhzhgnrqqlnpln":"自动招募","bqyzxrkllgwbiujitwdqabzvasatwxqp":"作战吃药","multi_account_user13low_priority_goods":"碳 家 急","sgbeujdwkihwmtxkcgxwoscnkfxynodz":"作战关卡","ievyvswsoefsefcjgxafxotdmmajknmh":"用","hgxltpmvkmaxosqddrnxbhbxcsvpwdoq":"账号07","eepaazujwlurgzhadojmplcruarkqptb":"次，吃石头","multi_account_user25raise_plan_text":"","multi_account_user26auto_recruit6":false,"multi_account_user26auto_recruit5":true,"multi_account_user7low_priority_goods":"碳 家 急","nuvvuzwllvnafzauzgadedtlyhjyjzac":"#20","fulswjujtygyolyroqyapstfhsgigqth":"次，吃石头","multi_account_user25max_stone_times":"0","zexbrfexnvwbmksmdlphvuwkcnpxwopj":"作战吃药","multi_account_user16now_job_ui16":true,"multi_account_user12now_job_ui10":true,"uttxdmjxqsjbslhkiguodohfhujwmhlk":"次，吃石头","multi_account_user12now_job_ui11":true,"multi_account_user12now_job_ui12":true,"multi_account_user16now_job_ui12":true,"multi_account_user12now_job_ui13":true,"multi_account_user16now_job_ui13":true,"multi_account_user12now_job_ui14":true,"multi_account_user16now_job_ui14":true,"multi_account_user12now_job_ui15":true,"multi_account_user16now_job_ui15":true,"multi_account_user12now_job_ui16":true,"xkcrtkasjjvytypziqanfiapgdxwynyy":"#1","multi_account_user16now_job_ui10":true,"multi_account_user16now_job_ui11":true,"multi_account_user17now_job_ui9":true,"multi_account_user10raise_plan_text":"","multi_account_user17now_job_ui8":true,"ewsvevbzubibgtceqgnjkhbaihopqmxh":"账号20","mzclhsumvkyrwolbtybfcaldcnftzebq":"作战吃药","multi_account_user17now_job_ui5":true,"ctyxojmuowjqkzvttslogpzmhpttwoai":"作战关卡","multi_account_user17now_job_ui4":true,"multi_account_inherit_spinner9":0,"multi_account_user17now_job_ui7":true,"multi_account_user17now_job_ui6":true,"multi_account_inherit_spinner7":0,"multi_account_user17now_job_ui1":true,"multi_account_inherit_spinner8":0,"multi_account_inherit_spinner5":0,"rzwkckhfoxnsvzfnwtvqfnhqhpefnoml":"培养计划","multi_account_user17now_job_ui3":true,"multi_account_inherit_spinner6":0,"multi_account_user17now_job_ui2":true,"multi_account_inherit_spinner3":0,"multi_account_inherit_spinner4":0,"multi_account_inherit_spinner1":0,"multi_account_inherit_spinner2":0,"htvbvbsijqyvdbewbcnybhixcrxdcwzz":"作战吃药","clfojewiskhtjntnvwqmfeugjfnoixph":"信用多买","multi_account_user30max_drug_times":"0","btuxyevqtbyxlwjxrdzgvmqwyitdxxko":"账号26","nmxxjppauluuslbyxyrcqnwadbiyhjdj":"作战吃药","multi_account_user30low_priority_goods":"碳 家 急","multi_account_user7high_priority_goods":"聘 土 装置 技","gsuutycwzxgakmrewipgwsvwvseqjjyb":"次","phfvcxmahtfwjgkpgbxyqlemonjuxadx":"用","multi_account_user17high_priority_goods":"聘 土 装置 技","multi_account_user21auto_recruit0":true,"multi_account_user21auto_recruit1":true,"multi_account_user21auto_recruit4":true,"multi_account_user21auto_recruit5":true,"multi_account_user7fight_ui":"jm hd ce ls pr ap","multi_account_user21auto_recruit6":false,"atgvblpzmchauxuacgquasofabiznhqh":"账号30","ixmotfeuekbilbnrrsgcocfkpktzflyu":"作战吃药","phrswnyvkslzvyukdvqgbqnvnyoollfz":"作战吃药","multi_account_user25fight_ui":"jm hd ce ls pr ap","multi_account_user4fight_ui":"jm hd ce ls pr ap","bnkkzlbtqptpunmadwmyydemeitbttvt":"信用多买","multi_account_user16max_drug_times":"0","multi_account_user10auto_recruit6":false,"multi_account_user10auto_recruit5":true,"multi_account_user10auto_recruit4":true,"lzkmlicsaigajiofqjxfgjxwiwlnhehr":"密码","multi_account_user10auto_recruit1":true,"multi_account_user10auto_recruit0":true,"multi_account_user14high_priority_goods":"聘 土 装置 技","multi_account_inherit_toggle19":"继承设置","multi_account_inherit_toggle15":"继承设置","multi_account_inherit_toggle16":"继承设置","multi_account_inherit_toggle17":"继承设置","multi_account_inherit_toggle18":"继承设置","multi_account_inherit_toggle11":"继承设置","multi_account_inherit_toggle12":"继承设置","multi_account_inherit_toggle13":"继承设置","cvowtrdkzlrgtgophkbickpdqivjgzns":"密码","multi_account_inherit_toggle14":"继承设置","multi_account_inherit_toggle10":"继承设置","multi_account_user9now_job_ui12":true,"multi_account_user9now_job_ui13":true,"multi_account_user9now_job_ui10":true,"czqafshkclpdvlqbbvtyginuqfjnwafq":"培养计划","multi_account_user9now_job_ui11":true,"multi_account_user9now_job_ui16":true,"username30":"","multi_account_user9now_job_ui14":true,"multi_account_user9now_job_ui15":true,"trqdvprerxtfttjwireeekheslkyckyi":"信用多买","sikenxblphsmderplfaituqotyugujek":"次，吃石头","multi_account_user2now_job_ui10":true,"ekidfqopcfzsvajjvsgczipmzjasnlip":"信用多买","multi_account_user4now_job_ui14":true,"multi_account_user4now_job_ui13":true,"multi_account_user2now_job_ui12":true,"multi_account_user4now_job_ui12":true,"cftjwqqsxubmjpqveayojjcaycyfecpq":"作战关卡","multi_account_user2now_job_ui11":true,"multi_account_user4now_job_ui11":true,"multi_account_user1now_job_ui12":true,"multi_account_user7now_job_ui16":true,"multi_account_user1now_job_ui13":true,"multi_account_user1now_job_ui10":true,"multi_account_user4now_job_ui16":true,"multi_account_user1now_job_ui11":true,"multi_account_user4now_job_ui15":true,"multi_account_user7now_job_ui12":true,"multi_account_inherit_toggle26":"继承设置","multi_account_user7now_job_ui13":true,"multi_account_inherit_toggle27":"继承设置","multi_account_user7now_job_ui14":true,"multi_account_inherit_toggle28":"继承设置","multi_account_user7now_job_ui15":true,"multi_account_inherit_toggle29":"继承设置","multi_account_inherit_toggle22":"继承设置","multi_account_inherit_toggle23":"继承设置","tsuioywdxtysaeswgsbdnijuuivtvylt":"培养计划","multi_account_user7now_job_ui10":true,"multi_account_inherit_toggle24":"继承设置","multi_account_user7now_job_ui11":true,"multi_account_inherit_toggle25":"继承设置","username26":"","username27":"","multi_account_inherit_toggle20":"继承设置","username24":"","jwrcjiqkvlujlvzfadbgbxltdosnvrit":"信用多买","multi_account_inherit_toggle21":"继承设置","username25":"","username28":"","username29":"","multi_account_user1now_job_ui16":true,"multi_account_user1now_job_ui14":true,"knwwjofpoknrdygdkmifettcsbkkbono":"账号04在","multi_account_user1now_job_ui15":true,"multi_account_user2now_job_ui14":true,"multi_account_user4now_job_ui10":true,"username22":"","multi_account_user2now_job_ui13":true,"username23":"","multi_account_user2now_job_ui16":true,"multi_account_user14fight_ui":"jm hd ce ls pr ap","username20":"","multi_account_user2now_job_ui15":true,"mdtqbmekydtupcipbhaedjblnxbbskdj":"信用少买","username21":"","multi_account_user21now_job_ui7":true,"multi_account_user21now_job_ui8":true,"multi_account_user21now_job_ui5":true,"multi_account_user21now_job_ui6":true,"phikmusepemeijoasqlafasuedmguqob":"培养计划","multi_account_user21now_job_ui3":true,"multi_account_user21now_job_ui4":true,"multi_account_user6max_drug_times":"0","multi_account_user21now_job_ui1":true,"multi_account_user21now_job_ui2":true,"multi_account_user21now_job_ui9":true,"ovfzkjszxxpfgtzbpdjcuoljdcxgkgiq":"次","server11":0,"username15":"","multi_account_user23auto_recruit6":false,"wcnqqtlrzzwduqrsgqzozegwngscrcgl":"次，吃石头","server10":0,"username16":"","multi_account_inherit_toggle30":"继承设置","username13":"","username14":"","mlfgnjmiynmnehvybwquhczekjejgtiw":"定时","server15":0,"username19":"","server14":0,"server13":0,"username17":"","pnhahwweevjaccfyypogetzibotszfae":"密码","multi_account_user23auto_recruit4":true,"server12":0,"username18":"","multi_account_user23auto_recruit5":true,"server19":0,"server18":0,"server17":0,"server16":0,"username11":"","pgrfystgdvafrrhhjeccyolwedaulhzq":"密码","username12":"","username10":"","ptcczuzpqeiezyrltlpiucqmesskkwak":"作战吃药","multi_account_user30raise_plan_text":"","phpsvjmkmoxxinfpfjqfbifeuxwfnsag":"账号13在","multi_account_user23auto_recruit0":true,"multi_account_user23auto_recruit1":true,"rieubahaqfvljocmytzarbzscwvyrucq":"次，吃石头","multi_account_user21high_priority_goods":"聘 土 装置 技","multi_account_user19max_stone_times":"0","multi_account_user24high_priority_goods":"聘 土 装置 技","multi_account_user26max_drug_times":"0","multi_account_user28high_priority_goods":"聘 土 装置 技","nvpgghmnqmubcxiyemmwgvvylvhnvlsa":"#18","usutmwxepfvesviawfwklktccgdvyefx":"#23","multi_account_user25high_priority_goods":"聘 土 装置 技","multi_account_user18now_job_ui8":true,"multi_account_user18now_job_ui7":true,"multi_account_user18now_job_ui6":true,"multi_account_user18now_job_ui5":true,"multi_account_user18now_job_ui4":true,"multi_account_user18now_job_ui3":true,"multi_account_user18now_job_ui2":true,"multi_account_user18now_job_ui1":true,"server30":0,"qaperaqdtpdgdcuzgqykeatdntaxkwve":"账号11","jeftwzcqnqvurqpyoumxgalchkwryezn":"密码","zxgguqwiataofwowhpvlmagtmqusdpia":"信用多买","multi_account_user6now_job_ui6":true,"rvqcoadfbjhypplamjmbckgvctzukvli":"作战吃药","multi_account_user11now_job_ui14":true,"multi_account_user6now_job_ui7":true,"multi_account_user11now_job_ui13":true,"multi_account_user6now_job_ui8":true,"multi_account_user11now_job_ui16":true,"multi_account_user6now_job_ui9":true,"multi_account_user11now_job_ui15":true,"multi_account_user6now_job_ui2":true,"multi_account_user11now_job_ui10":true,"multi_account_user6now_job_ui3":true,"mwzulwprpnjixavrdvbqxywgulmcvsmu":"账号08","multi_account_user8max_drug_times":"0","multi_account_user6now_job_ui4":true,"multi_account_user11now_job_ui12":true,"multi_account_user6now_job_ui5":true,"multi_account_user11now_job_ui11":true,"multi_account_user18now_job_ui9":true,"multi_account_user8auto_recruit5":true,"bulgicqdemenrklrlrlahoerdtczsldw":"密码","multi_account_user8auto_recruit6":false,"wjlkjadwnmhncivlzofnejvmgmnbyjya":"账号15在","multi_account_user17now_job_ui16":true,"multi_account_user6now_job_ui1":true,"multi_account_user8auto_recruit4":true,"multi_account_user17now_job_ui15":true,"multi_account_user17now_job_ui14":true,"multi_account_user17now_job_ui13":true,"multi_account_user17now_job_ui12":true,"multi_account_user17now_job_ui11":true,"multi_account_user17now_job_ui10":true,"dreadpjohryxkihyrxviilfirykubkkf":"信用少买","multi_account_user23raise_plan_text":"","multi_account_user4now_job_ui9":true,"server22":0,"multi_account_user30auto_recruit4":true,"multi_account_user4now_job_ui8":true,"server21":0,"multi_account_user30auto_recruit5":true,"server20":0,"multi_account_user18low_priority_goods":"碳 家 急","uhvosicnpkctyjhcxcudocghmyyyngzi":"密码","server26":0,"multi_account_user30auto_recruit0":true,"server25":0,"multi_account_user30auto_recruit1":true,"server24":0,"pqywwewonulnrobgajhlspghoqxcszmi":"用","wyazcncaptxkytawmwyqwsmvudaqsxqc":"密码","server23":0,"multi_account_user4now_job_ui1":true,"multi_account_user19now_job_ui15":true,"multi_account_user19now_job_ui16":true,"server29":0,"multi_account_user4now_job_ui3":true,"multi_account_user19now_job_ui13":true,"server28":0,"multi_account_user4now_job_ui2":true,"multi_account_user19now_job_ui14":true,"server27":0,"multi_account_user4now_job_ui5":true,"multi_account_user8auto_recruit1":true,"multi_account_user19now_job_ui11":true,"multi_account_user4now_job_ui4":true,"multi_account_user19now_job_ui12":true,"multi_account_user4now_job_ui7":true,"multi_account_user24max_drug_times":"0","pylxluzbsxowgvdiesahbufxztxhcbby":"自动招募","multi_account_user28fight_ui":"jm hd ce ls pr ap","multi_account_user30auto_recruit6":false,"multi_account_user4now_job_ui6":true,"yjsctfxpttpiwownatjfkvhqmxoqnedv":"#5","multi_account_user8auto_recruit0":true,"multi_account_user19now_job_ui10":true,"multi_account_user16low_priority_goods":"碳 家 急","xguaqzgngiqyyolwyouunatrazezybbk":"账号18在","wczqvfosduavexcboaeigdjpspjksbih":"密码","multi_account_user13high_priority_goods":"聘 土 装置 技","password17":"","password16":"","password19":"","password18":"","legzplunfmwhrzhsjuhzyltwfylyvick":"账号24","wgjlmtepfkuwuyosdpbtetadnsdlurkf":"次","csrwumlbvivkgzvdstujnfnrnopytcll":"#16","ldrroreqgtepmulepejvtitezbbvcjga":"作战关卡","uyapaxsuugmuawkdlvlouawcsafjglhy":"用","multi_account_user20now_job_ui11":true,"password24":"","qqrjoptpbrbjrcfwyawriqhtmvpuugps":"次","multi_account_user20now_job_ui12":true,"password23":"","multi_account_user20now_job_ui13":true,"password26":"","multi_account_user20now_job_ui14":true,"password25":"","password20":"","multi_account_user20now_job_ui15":true,"multi_account_user20now_job_ui16":true,"password22":"","oveeyrgmsdfstbokkqekqqlmnyvkcxka":"培养计划","password21":"","mzrnvfyymvhpnfmyrbqnptswqkoyfshc":"次，吃石头","nmchaabggepkfijtkgsydwyzuithnvne":"启动并定时","password28":"","bevadsmkmaltabuiralfhytqspqzepbu":"账号17","password27":"","guyacllouxiyjalovybpvscfyhfvambp":"次","multi_account_user20now_job_ui10":true,"password29":"","multi_account_user15low_priority_goods":"碳 家 急","hygcockrskdebufqbpznnfcpdcfizczc":"信用多买","multi_account_user9now_job_ui2":true,"multi_account_user9now_job_ui1":true,"multi_account_user9now_job_ui4":true,"multi_account_user9now_job_ui3":true,"pyofiglwsdavcknzpupmgwghmznxctkc":"次","tzshjgzberxamoittegyvhwchugqzuiw":"信用少买","fdmjepvhmgtnfbttqzkuuuwmgffkmoxn":"培养计划","password30":"","multi_account_user12auto_recruit1":true,"multi_account_user12auto_recruit0":true,"ymmudytzuxcqiypbxzrhkalhekmlxped":"导入","zlosfqcpndtrblkzkruttykhddexkydn":"次","multi_account_user4max_drug_times":"0","multi_account_user14max_drug_times":"0","multi_account_user9now_job_ui6":true,"multi_account_user30now_job_ui6":true,"multi_account_user9now_job_ui5":true,"multi_account_user30now_job_ui5":true,"multi_account_user9now_job_ui8":true,"multi_account_user30now_job_ui4":true,"multi_account_user9now_job_ui7":true,"multi_account_user30now_job_ui3":true,"multi_account_user30now_job_ui2":true,"ingytfeintfkhjvgfcywjgbluhhsooha":"培养计划","multi_account_user9now_job_ui9":true,"multi_account_user30now_job_ui1":true,"multi_account_user30now_job_ui9":true,"multi_account_user30now_job_ui8":true,"multi_account_user30now_job_ui7":true,"multi_account_user25now_job_ui13":true,"multi_account_user25now_job_ui12":true,"multi_account_user25now_job_ui11":true,"defdwecdtphwknuwrtuistnjyoyxqrbh":"密码","multi_account_user25now_job_ui10":true,"xkluzjwjvpjiorojlqrwzxwvlkskylxh":"账号27","jnxocmvinltojnmnhvvozynqasvjmpgr":"作战吃药","multi_account_user28max_drug_times":"0","multi_account_user25now_job_ui16":true,"multi_account_user22low_priority_goods":"碳 家 急","multi_account_user25now_job_ui15":true,"multi_account_user25now_job_ui14":true,"multi_account_user3low_priority_goods":"碳 家 急","yjmthivsetukhekfkyatuwatiqopxgwr":"次","multi_account_user17low_priority_goods":"碳 家 急","multi_account_user28now_job_ui10":true,"multi_account_user28now_job_ui11":true,"multi_account_user28now_job_ui12":true,"dwupavgsprjwbqivniixhuktmcmfavbm":"作战关卡","multi_account_user28now_job_ui13":true,"multi_account_user28now_job_ui14":true,"multi_account_user22raise_plan_text":"","multi_account_user28now_job_ui15":true,"tgrwnmjndyufwqemcjilxszmzulenskm":"次","multi_account_user28now_job_ui16":true,"xzltuuzpnbkfehktlopwlzoobhbnhtbg":"账号05在","multi_account_user24now_job_ui3":true,"vqpazxfkalcjtfiacfszcaskhgkxfcbp":"账号27在","multi_account_user24now_job_ui2":true,"multi_account_user24now_job_ui1":true,"hljaaranhtkzczdyuqqtipwlnvzjjpoj":"次，吃石头","multi_account_user9fight_ui":"jm hd ce ls pr ap","multi_account_user17fight_ui":"jm hd ce ls pr ap","ahsmqotpakqdawouajzvulxnmceabiyv":"账号21","rihjmoorzmkbfndmjzigzetvfuglvnpa":"自动招募","multi_account_user19auto_recruit4":true,"multi_account_user19auto_recruit1":true,"hmbjgwpjfouijiofdrwbnficwbqdspmn":"用","multi_account_user19auto_recruit6":false,"multi_account_user19auto_recruit5":true,"cxazainwerwzxctcvmkijgmhjgqhgwxm":"次，吃石头","multi_account_user4low_priority_goods":"碳 家 急","multi_account_user24now_job_ui7":true,"multi_account_user24now_job_ui6":true,"multi_account_user24now_job_ui5":true,"multi_account_user23low_priority_goods":"碳 家 急","multi_account_user24now_job_ui4":true,"multi_account_user19auto_recruit0":true,"iwvunrlrvlttwiwjaqevvzjchoibcxbg":"作战吃药","multi_account_user24now_job_ui9":true,"multi_account_user24now_job_ui8":true,"jwbocdytubkcocwxcgsoufkfjtcljryt":"密码","bkgljhniwqtqrdzdksbmsbyseyndwlgq":"账号29","hznfptdihwnzeoayewndwjpiaxrdgldd":"账号17在","icbmqgqrajfonfvydvxtyzcojziwvhmx":"次","gkgmmpdehkwbtnytjwnprbbnkecayeqm":"#22","multi_account_user12auto_recruit5":true,"multi_account_user12auto_recruit4":true,"multi_account_user12auto_recruit6":false,"multi_account_user1now_job_ui1":true,"multi_account_user1now_job_ui2":true,"multi_account_user1now_job_ui3":true,"multi_account_user1now_job_ui4":true,"wakbtwibuhlmjelkjportbjpikghxffx":"#11","multi_account_user1now_job_ui9":true,"multi_account_user15now_job_ui8":true,"multi_account_user15now_job_ui9":true,"exsqnniqjbwbdtnofkzbuzoluppilerq":"次","multi_account_user15now_job_ui6":true,"multi_account_user6high_priority_goods":"聘 土 装置 技","multi_account_user15now_job_ui7":true,"multi_account_user1now_job_ui5":true,"multi_account_user1now_job_ui6":true,"multi_account_user1now_job_ui7":true,"multi_account_user2high_priority_goods":"聘 土 装置 技","multi_account_user1now_job_ui8":true,"multi_account_user15now_job_ui1":true,"multi_account_user15now_job_ui4":true,"multi_account_user15now_job_ui5":true,"multi_account_user15now_job_ui2":true,"multi_account_user15now_job_ui3":true,"multi_account_user14now_job_ui12":true,"multi_account_user14now_job_ui13":true,"multi_account_user6auto_recruit6":false,"multi_account_user14now_job_ui10":true,"multi_account_user6auto_recruit5":true,"multi_account_user14now_job_ui11":true,"multi_account_user6auto_recruit4":true,"multi_account_user9raise_plan_text":"","multi_account_user6auto_recruit1":true,"multi_account_user12fight_ui":"jm hd ce ls pr ap","multi_account_user14now_job_ui16":true,"lkdpoposbvsbqzzxrtnowzkfleofdvew":"自动招募","multi_account_user14now_job_ui14":true,"ygobetqaiclfejmhckttutricdtanrdo":"用","multi_account_user14now_job_ui15":true,"multi_account_user21raise_plan_text":"","ugoodmjclzmdhxnooqmntrctgodobcnv":"次，吃石头","multi_account_user6auto_recruit0":true,"aodjeyxmsndsboyyiekpibkrsifsrfpy":"次，吃石头","multi_account_user18max_drug_times":"0","qattunlzptlezqksgjcgbhxdvdahtqht":"密码","empwahksmemteeroczekwhvxexnsiyee":"用","multi_account_user19fight_ui":"jm hd ce ls pr ap","itwmzlqfumqnxihcznknsvcaycvkiszd":"培养计划","lztrkjflpouhocliuayicijhkzvjkmcv":"用","multi_account_user20max_drug_times":"0","hnvjqzdzczuhqolmqwjwvlsvvkzdnswr":"作战吃药","vmtakbzxozvtntezrgctfuosiseregol":"作战关卡","multi_account_user1auto_recruit0":true,"mlgfgrvqxvakejtdrlzpunfsjaicpjbm":"自动招募","multi_account_user1auto_recruit1":true,"multi_account_user1auto_recruit6":false,"multi_account_user1auto_recruit4":true,"multi_account_user1auto_recruit5":true,"jggdbfbdriuxzpmpxexswewwwlznzcme":"信用多买","multi_account_user19now_job_ui1":true,"multi_account_user22now_job_ui1":true,"multi_account_user7now_job_ui9":true,"multi_account_user19now_job_ui2":true,"multi_account_user29now_job_ui4":true,"ivliindtmmdrjrjulxhcsmchwhgdrevj":"用","multi_account_user19now_job_ui3":true,"multi_account_user29now_job_ui3":true,"multi_account_user7now_job_ui7":true,"multi_account_user12now_job_ui2":true,"multi_account_user19now_job_ui4":true,"multi_account_user29now_job_ui2":true,"multi_account_user7now_job_ui8":true,"multi_account_user12now_job_ui1":true,"multi_account_user19now_job_ui5":true,"multi_account_user29now_job_ui1":true,"multi_account_user7now_job_ui5":true,"multi_account_user19now_job_ui6":true,"qgnsnmmzeltlkyguaczeqivcjatkrojv":"信用少买","multi_account_user29now_job_ui8":true,"multi_account_user7now_job_ui6":true,"multi_account_user19now_job_ui7":true,"multi_account_user29now_job_ui7":true,"multi_account_user7now_job_ui3":true,"multi_account_user19now_job_ui8":true,"multi_account_user29now_job_ui6":true,"multi_account_user7now_job_ui4":true,"multi_account_user19now_job_ui9":true,"multi_account_user29now_job_ui5":true,"multi_account_user12now_job_ui8":true,"multi_account_user12now_job_ui7":true,"multi_account_user13raise_plan_text":"","multi_account_user12now_job_ui9":true,"zmloauplviptdjgihtgzcvbyeoujadgw":"培养计划","multi_account_user29now_job_ui9":true,"multi_account_user12now_job_ui4":true,"multi_account_user12now_job_ui3":true,"multi_account_user12now_job_ui6":true,"multi_account_user12now_job_ui5":true,"multi_account_user22now_job_ui2":true,"hezftfqhyvriornxeaubltyyhygtnogf":"信用少买","multi_account_user22now_job_ui3":true,"multi_account_user22now_job_ui4":true,"multi_account_user22now_job_ui5":true,"multi_account_user22now_job_ui6":true,"multi_account_user22now_job_ui7":true,"multi_account_user23high_priority_goods":"聘 土 装置 技","multi_account_user22now_job_ui8":true,"multi_account_user10max_stone_times":"0","multi_account_user22now_job_ui9":true,"bmcycbqqejyqeulgojgqgbrqreaeoyew":"账号10","multi_account_user20raise_plan_text":"","ttervspjpvvroatzqqycmomtaptejyyy":"密码","iupgkhnjegzssplnjpljeegomlpbhxki":"导出全部","saozbrbigohztwyvomjvdpdeiboytpdr":"次，吃石头","multi_account_user2max_stone_times":"0","lsgsmamndptfshpkfmzysiybpjfaznnu":"作战关卡","zxrpthyboxghjpjaikjryqzdvvgajmtm":"账号01","multi_account_user12high_priority_goods":"聘 土 装置 技","qxlycqwlvjraulvgqsdlnjhtwknqxfjj":"作战关卡","multi_account_user28max_stone_times":"0","rrfewdijndnthwsjojgwtcvooylfzpol":"次","multi_account_user8low_priority_goods":"碳 家 急","multi_account_user3auto_recruit6":false,"multi_account_user3auto_recruit5":true,"multi_account_user3auto_recruit4":true,"multi_account_user3auto_recruit1":true,"multi_account_user3auto_recruit0":true,"nezcitohovnhgwfizthmxrtkiswlpdvn":"账号04","nskqojkawjrneixqojauqxmmavprzdct":"#6","ajtuokypphzmrncgmugdjosqkgbpoipz":"培养计划","poayrhywkpjyhlfhbgijymtdmfdvsakw":"培养计划","lzevrdeqhrrptvavitjsuhvifqeseroi":"作战关卡","hgmolfasuzrxombbtmqwepfzjqimtunw":"账号08在","multi_account_user15raise_plan_text":"","multi_account_user19high_priority_goods":"聘 土 装置 技","tshdwqcuwmxvineefjhtsflhzbculwdn":"作战吃药","multi_account_user12max_stone_times":"0","multi_account_user21max_drug_times":"0","wkemlsjcfedfckosqslzravzvtenxces":"作战吃药","hcvotivxkfpcmmanfqqshalspvbzhodc":"培养计划","jsbnymmlutshcdqzznikhjcneffudtig":"用","multi_account_user24low_priority_goods":"碳 家 急","multi_account_user4max_stone_times":"0","sanagiuxyfqroxaqidsxvobliswrkpvz":"自动招募","sghmttzmxrgkmnnyhdlnnuoqjauviqrr":"作战关卡","multi_account_user13fight_ui":"jm hd ce ls pr ap","multi_account_user29high_priority_goods":"聘 土 装置 技","cppbujznsqghmxjubiwkeagciodmcjab":"密码","scfxrmsukklwbkgqfivnonknzvtpwgwk":"信用少买","ilqovkjvmfpvseotpiretohqqdjrgbxm":"账号19在","multi_account_user6low_priority_goods":"碳 家 急","eplgtruelvwodyjeqkmtbsfgqybszpcl":"用","yuhjgvungoalcmvotjolapmdtbnyrocn":"作战关卡","multi_account_user7raise_plan_text":"","multi_account_user22max_drug_times":"0","multi_account_inherit_toggle7":"继承设置","dfybeptexujikgsgwshegflxcogabczg":"次","multi_account_inherit_toggle6":"继承设置","wdvjxbjcwagmvxefbtwjqxaaqqlmnlht":"账号05","multi_account_inherit_toggle5":"继承设置","hnaatvyeduzimeyoqeckhokhzeopajhc":"次","multi_account_inherit_toggle4":"继承设置","multi_account_inherit_toggle3":"继承设置","wjsjbqcmocnryplmmepqdvnrokkcnzei":"作战关卡","multi_account_inherit_toggle2":"继承设置","multi_account_inherit_toggle1":"单号设置","yjgfqkqcybpbabqnhuqvujjpggjwuobi":"账号16在","bobmvyfxnjjmofhruszdhiqlnxjpwbrb":"作战吃药","rovnuzcyljbctvstmmhmbdqjnadvlzvn":"培养计划","multi_account_inherit_toggle9":"继承设置","multi_account_inherit_toggle8":"继承设置","xkvbzsvtgqzehzfbluioneuvjilyreus":"自动招募","multi_account_user4auto_recruit1":true,"cvfnxdcpcaoenvsjlejonwjxlthaenjp":"自动招募","multi_account_user4auto_recruit0":true,"multi_account_user28low_priority_goods":"碳 家 急","multi_account_user4auto_recruit6":false,"multi_account_user4auto_recruit5":true,"multi_account_user4auto_recruit4":true,"multi_account_user2low_priority_goods":"碳 家 急","fmkhazjpvkueqzoojkzumxdkklinabkm":"密码","deizuzlguctzrwwkkkqcfvxuboqqbnbv":"作战关卡","rnufejxielnkyjetapcijgfidqlzktmm":"账号28在","multi_account_user16fight_ui":"jm hd ce ls pr ap","ipeszzcpghvsmgehztnaicbgudxhchwl":"信用多买","ihsehbofkvwzxmxfjsautrtiekzfuvgi":"#13","wyjcfinsrehfenyavimhkpruhixgkuhz":"次","multi_account_user3high_priority_goods":"聘 土 装置 技","mnuaktvbfabdblgrusjazxfghsjbdfne":"自动招募","swanqdsyexwwyexuvmsgysvwvbxeside":"账号25在","multi_account_user17raise_plan_text":"","multi_account_user26max_stone_times":"0","multi_account_user21fight_ui":"jm hd ce ls pr ap","xcpvgcbguwqjmdydrygpppwcobnfjtjc":"账号12在","ezmpxihxtaolvoiomecpkizpnrikudpa":"作战关卡","bcvnqnimeajphgvbbpgjsxkgluiylbnm":"信用多买","flumjtleiyibjvbqitorvtqkezhevkka":"用","yeybmwqhjjojtyiqdrozgvbehzxrrubz":"账号21在","multi_account_user14low_priority_goods":"碳 家 急","wxicdybuvuuddmskjbvzgyhghwnyatju":"次，吃石头","multi_account_end_closeotherapp":true,"multi_account_user6fight_ui":"jm hd ce ls pr ap","multi_account_user20low_priority_goods":"碳 家 急","multi_account_user18high_priority_goods":"聘 土 装置 技","multi_account_user11raise_plan_text":"","multi_account_user10fight_ui":"jm hd ce ls pr ap","anawjevdpzgcwvhdeoijwlgqolxwsvmh":"用","multi_account_user12low_priority_goods":"碳 家 急","gkywvtpxackjndqxhdherxbvsenaglfd":"用","bpgqntvmmljecuzgswkdlnbhlbomyqom":"账号30在","iazjhezniqftbnvvyeapvotxhziuuhrw":"作战关卡","ukrcebvmkdmmtolieyabzphcacqwgdln":"信用少买","smhbpwwmstqjpbiyrlvbanlzlqiasbnq":"作战关卡","multi_account_user1high_priority_goods":"聘 土 装置 技","multi_account_user9high_priority_goods":"聘 土 装置 技","enhkijwcnuntrcnwbtzzbhzdtjtuprzd":"作战吃药","gsfxsliytnjaigfdemcpdfwsrcgilbje":"作战关卡","dvoxldoixclcqgkxjibskkoiqnezrxeb":"信用多买","multi_account_user24raise_plan_text":"","weraekzubaougcbpnlwtxtjvyrqrfxkz":"信用多买","multi_account_user27fight_ui":"jm hd ce ls pr ap","multi_account_only_login":false,"multi_account_user5raise_plan_text":"","uzphbftqqbbdaqkioqyyvqdhnurlwpxt":"培养计划","nvgvjemnvgjnvoqejzgcaabwliznuaem":"用","hyzabtgysyeaewuissoitdqwktoyakdo":"信用少买","gqchajqafbyhlvdskqtjxbsgzcegbuti":"次","pgelvqbignlockejkhdvietesqkkqefe":"用","wefljnksbvegirjzrsrjwvorgezavmxs":"自动招募","wpxyhflemsxhfkfhlxeztysrzltuyrkw":"作战关卡","intuotavlfzfhroabqyolfpfktaniypr":"信用少买","slfqmagzlcpgnwpshstczftfxydfcwdu":"信用少买","multi_account_user7now_job_ui1":true,"multi_account_user7now_job_ui2":true,"multi_account_choice":"1-30","multi_account_user2auto_recruit0":true,"multi_account_user2auto_recruit1":true,"multi_account_user2auto_recruit4":true,"lxqvugelkawzygbuoonbvpeofvrzhziu":"信用多买","multi_account_user2auto_recruit5":true,"multi_account_user2auto_recruit6":false,"multi_account_user26low_priority_goods":"碳 家 急","unrgnlewjjhdhhmskwibibhievkxlkdn":"培养计划","multi_account_user3now_job_ui6":true,"multi_account_user26now_job_ui4":true,"multi_account_user3now_job_ui5":true,"kqqnsniyrmjdnfynmriqjeixkedymplz":"用","mxrazdosqxtfqyqiwtymafkmmlhuuxee":"信用少买","multi_account_user26now_job_ui5":true,"multi_account_user3now_job_ui4":true,"multi_account_user26now_job_ui2":true,"multi_account_user3now_job_ui3":true,"multi_account_user26now_job_ui3":true,"multi_account_user3now_job_ui2":true,"multi_account_user3now_job_ui1":true,"multi_account_user26now_job_ui1":true,"zmktkyohaliklezhwrkjxmclgnpyjalt":"信用少买","multi_account_user6max_stone_times":"0","multi_account_user3now_job_ui9":true,"multi_account_user3now_job_ui8":true,"multi_account_user3now_job_ui7":true,"fpaolongfjjxxuvmppypdtxrxpoqqhkb":"账号14","hqvlfkqmzeymmhbecnsyxqfsackpjfez":"培养计划","nzvvchxnifhpytklvovcsmsttbgmdgrd":"培养计划","ndoljanctrjqociguwyjoqlcciipmvbr":"信用少买","multi_account_user26now_job_ui8":true,"ytrhmbmnqgijbzxdzbktcorqkvygucwt":"作战关卡","multi_account_user26now_job_ui9":true,"multi_account_user26now_job_ui6":true,"multi_account_user1fight_ui":"jm hd ce ls pr ap","multi_account_user26now_job_ui7":true,"multi_account_user17max_stone_times":"0","vhanojdhwoswcymdzygbnwpcgbwbfgxz":"次，吃石头","svedprwxuoqdtyancuxjtpyxmwgnlhcw":"账号15","jwlsipxegeqjcczyufyrcvjtfmyopexq":"账号25","qfauvuglkownnlussrhskltbioqlcufn":"#28","multi_account_user25max_drug_times":"0","multi_account_user13now_job_ui8":true,"multi_account_user23max_stone_times":"0","multi_account_user13now_job_ui9":true,"multi_account_user13now_job_ui6":true,"multi_account_user13now_job_ui7":true,"multi_account_user13now_job_ui4":true,"gxgizbzuafytzmxqflwnuymajyszafht":"培养计划","multi_account_user13now_job_ui5":true,"multi_account_user23now_job_ui4":true,"multi_account_user23now_job_ui3":true,"multi_account_user23now_job_ui6":true,"multi_account_user23now_job_ui5":true,"multi_account_user23now_job_ui8":true,"multi_account_user23now_job_ui7":true,"multi_account_user11fight_ui":"jm hd ce ls pr ap","multi_account_user23now_job_ui9":true,"multi_account_user26raise_plan_text":"","multi_account_user22max_stone_times":"0","multi_account_user23now_job_ui2":true,"multi_account_user23now_job_ui1":true,"multi_account_user13now_job_ui2":true,"multi_account_user7max_drug_times":"0","multi_account_user13now_job_ui3":true,"multi_account_user13now_job_ui1":true,"aoqbagcgnyjzvgjumwvedlrsxsmlhqfk":"自动招募","cwuocngrdhinmywiholikwqddziykute":"培养计划","qkcqmhegutbcquseubcsuwtnpdwwdkhu":"信用少买","multi_account_user9max_stone_times":"0","multi_account_user22fight_ui":"jm hd ce ls pr ap","mnvrydukgmitfmjdbcojpnhrwcuyulwp":"账号23在","multi_account_user3now_job_ui12":true,"multi_account_user5now_job_ui16":true,"multi_account_user9auto_recruit4":true,"dxomibamimrdhmfbsevlqyhsztudwyej":"次，吃石头","multi_account_user3now_job_ui13":true,"multi_account_user9auto_recruit5":true,"multi_account_user3now_job_ui14":true,"multi_account_user5now_job_ui14":true,"multi_account_user9auto_recruit6":false,"xojgrxhxwpevsfzyxjwlbkfnjxkljdps":"作战吃药","multi_account_user3now_job_ui15":true,"multi_account_user5now_job_ui15":true,"multi_account_user3now_job_ui16":true,"multi_account_user5now_job_ui12":true,"multi_account_user5now_job_ui13":true,"sxpizknwgqqdljpwkskxlxqkiyyicfgp":"密码","multi_account_user5now_job_ui10":true,"multi_account_user8now_job_ui16":true,"multi_account_user5now_job_ui11":true,"multi_account_user8now_job_ui15":true,"gjesqqpywbxpfjplrstupghdheytzlka":"账号12","multi_account_user6now_job_ui10":true,"multi_account_user8now_job_ui14":true,"multi_account_user8now_job_ui13":true,"multi_account_user6now_job_ui12":true,"multi_account_user8now_job_ui12":true,"multi_account_user6now_job_ui11":true,"multi_account_user8now_job_ui11":true,"multi_account_user6now_job_ui14":true,"multi_account_user8now_job_ui10":true,"ncydmahxjwgqfaubgpradhyesruzmyvu":"账号24在","multi_account_user6now_job_ui13":true,"oukdrhiifwatcrnnopmhgawjzzyxxuog":"#30","multi_account_user6now_job_ui16":true,"dvoetgvutzguibayuqgfqabqtyyvdykw":"信用多买","multi_account_user6now_job_ui15":true,"pyewdhzbruxskqyyguozpgcoaihirgfo":"信用多买","wfjxnermfuwnufmzfqpuerymgrjznxnl":"#27","syxjrujxbyxgqaznwcrvufqmslnkodqs":"#14","multi_account_user9auto_recruit0":true,"multi_account_user9auto_recruit1":true,"multi_account_user3now_job_ui10":true,"multi_account_user3now_job_ui11":true,"kpjpgslcaaojigkxmjstwqxkcfhpdiow":"培养计划","multi_account_user8now_job_ui3":true,"multi_account_user8now_job_ui2":true,"multi_account_user8now_job_ui1":true,"multi_account_user8max_stone_times":"0","baemlkzjgpquonkpywsudpcgctefzoqv":"账号07在","multi_account_user1raise_plan_text":"","ucrnrwhikpvsdtjqziumgozgzayuvbjy":"培养计划","drxkbarttwifmrwxahanqqppbkiympll":"作战关卡","phgitmbtyppqzuibcbxgqzpyigvygtns":"用","rwydclmdhhjtsntxpfggncvzjfbsmkew":"#4","zkjsdvhjrrrbqpdnqzemntmdhjeiubew":"信用多买","multi_account_user11high_priority_goods":"聘 土 装置 技","foutpbfspptbhywtwmvcodaydxvvstsp":"作战吃药","phwrnwydglteqpbtfcfcgubtbuuaitls":"信用少买","icmkrbwqhlakiijsgimbazhvznchitqs":"账号13","multi_account_user27raise_plan_text":"","baqjnfjbcdzldxucbtclgjtfptaycbax":"自动招募","vgscxdaqhksqclehdubvvyrjtbeetwag":"自动招募","vtqeqksadbaxyiighdkaoetiuqmwvlzq":"账号01在","wsuvvdqbrxcriqgltnevoahkyynpqmnc":"自动招募","xxvzggwoabzllbrnbjdikcsloitxbawb":"密码","multi_account_user24max_stone_times":"0","multi_account_user8now_job_ui9":true,"multi_account_user8now_job_ui8":true,"multi_account_user8now_job_ui7":true,"multi_account_user8now_job_ui6":true,"multi_account_user8now_job_ui5":true,"multi_account_user8now_job_ui4":true,"vwjdciutvndcazqpfozqokknqmvbfdeh":"次","nnlvnzdjllojrqfhjeksgufaexndicak":"#10","sfxbogmykemecwtjbcjizjfhpwlawqcy":"信用少买","multi_account_user25now_job_ui9":true,"multi_account_user20max_stone_times":"0","ofnujreznloviyskijswsnonmmsiqiok":"#12","multi_account_user25now_job_ui6":true,"multi_account_user25now_job_ui5":true,"jtegcgjbzgfchngdmnxyskgwreuasunz":"用","multi_account_user25now_job_ui8":true,"multi_account_user25now_job_ui7":true,"multi_account_user24auto_recruit5":true,"multi_account_user25now_job_ui2":true,"luhpvjgifeiuffsdmoqmiypppdutlrss":"账号10在","multi_account_user24auto_recruit6":false,"multi_account_user25now_job_ui1":true,"multi_account_user16max_stone_times":"0","multi_account_user25now_job_ui4":true,"multi_account_user24auto_recruit4":true,"multi_account_user25now_job_ui3":true,"ntfnqmeegsyccwkybbzfgjdqbskpcdpg":"#24","multi_account_user20auto_recruit1":true,"multi_account_user20auto_recruit0":true,"multi_account_user23max_drug_times":"0","multi_account_user20auto_recruit6":false,"multi_account_user20auto_recruit5":true,"multi_account_user20auto_recruit4":true,"osxxxldbwzlfkfrhfwxfmsiccakhwpry":"次","multi_account_user13now_job_ui10":true,"multi_account_user15now_job_ui14":true,"multi_account_user16now_job_ui2":true,"multi_account_user15now_job_ui13":true,"multi_account_user16now_job_ui1":true,"multi_account_user19raise_plan_text":"","multi_account_user15now_job_ui16":true,"multi_account_user15now_job_ui15":true,"tyuoutxilihvkgsroxmvezpusrjiqzio":"账号22","multi_account_user13now_job_ui14":true,"multi_account_user16now_job_ui6":true,"multi_account_user13now_job_ui13":true,"multi_account_user16now_job_ui5":true,"multi_account_user13now_job_ui12":true,"multi_account_user16now_job_ui4":true,"jarqicsnolzkfoujdptujbwnaxmzvhxk":"用","multi_account_user13now_job_ui11":true,"multi_account_user16now_job_ui3":true,"snhoskxqsrkqadbrlypvalcijkljgmqs":"账号02在","multi_account_user13now_job_ui16":true,"multi_account_user13now_job_ui15":true,"multi_account_user15now_job_ui10":true,"multi_account_user15now_job_ui12":true,"multi_account_user15now_job_ui11":true,"yloepemsxufucftccpmdleajyffpffmf":"次","kagogeuliuzqvjuvarglptcyreugolto":"账号09","ewvvpkssxgwoczprfumdcmmuovadecax":"密码","ojkrbhzcjefryuqgnbhjnlkqejktimbj":"信用少买","qqsvnduiwinpounsetzgxbjtxlqvdkcv":"次，吃石头","waqpjbvbprnogshpktocmmzbtbilhuqb":"信用多买","pwwigxwhloorejshtwfcyqytwuykugnn":"次，吃石头","multi_account_user16now_job_ui9":true,"multi_account_user16now_job_ui8":true,"sjnitmefbtbnvxqdqruvdcnxhndhyatq":"作战吃药","multi_account_user16now_job_ui7":true,"multi_account_user9max_drug_times":"0","ifvffygxemmtuxswyobvedgjhjnkqimb":"自动招募","multi_account_user13auto_recruit0":true,"bbzjjjunwakioessabtlhurkxypmpxxs":"自动招募","multi_account_user13auto_recruit1":true,"multi_account_user29raise_plan_text":"","server2":0,"server1":0,"server6":0,"server5":0,"server4":0,"server3":0,"zxvjxnqdueofaozijdownrxidcsvxbzv":"账号14在","server9":0,"vecfzwvnaoctjvxmitpxqmakppjmqaen":"次，吃石头","server8":0,"snmzfgnggphpripqtyxservqgyqspewh":"培养计划","server7":0,"username5":"","multi_account_user21now_job_ui13":true,"username4":"","multi_account_user21now_job_ui12":true,"username3":"","multi_account_user21now_job_ui11":true,"username2":"","multi_account_user21now_job_ui10":true,"username1":"","multi_account_user21now_job_ui16":true,"nxkrsccotxlrpngrujxznfyvtzdbtprv":"#21","multi_account_user21now_job_ui15":true,"multi_account_user21now_job_ui14":true,"username9":"","username8":"","username7":"","username6":"","lnmlfzifmcshjfaiojyjfkkenzthunjs":"作战关卡","bbvpvrozyqhuhcgbruadauregebowgfc":"次，吃石头","afffbmglwlwavepqdeeaptefhljswguf":"信用少买","dmccejivxyyigfbjhciyqrhajbexuyum":"自动招募","madadlesljroetmoeaahcpmczwygmeve":"信用多买","multi_account_user22high_priority_goods":"聘 土 装置 技","coqflnlwoyzmoqsgexwfnxqxvayowjlq":"作战关卡","multi_account_user13auto_recruit4":true,"multi_account_user13auto_recruit6":false,"multi_account_user13auto_recruit5":true,"multi_account_user29fight_ui":"jm hd ce ls pr ap","multi_account_user30fight_ui":"jm hd ce ls pr ap","qwctzrqitnagrbauvfrfswhterqxduap":"账号03","multi_account_user27max_drug_times":"0","dagmbtawgxibnojemlhpetllkoadvfma":"用","multi_account_user18fight_ui":"jm hd ce ls pr ap","multi_account_user13max_stone_times":"0","kzoekvbbgdlpvwtzmqyyzqqdlzraquju":"自动招募","iqrpgcqfxreyjnvhydrqkzfiibwzmnsw":"自动招募","multi_account_user20now_job_ui4":true,"pvzpbnzibnerkzpsvcrhnywuwrnjwuvh":"作战吃药","multi_account_user20now_job_ui5":true,"multi_account_user20now_job_ui6":true,"multi_account_user20now_job_ui7":true,"multi_account_user20now_job_ui1":true,"multi_account_user20now_job_ui2":true,"multi_account_user20now_job_ui3":true,"multi_account_user20now_job_ui8":true,"yjvlbdmovnnckpjfqilbhvfuzxihnndf":"次","multi_account_user20now_job_ui9":true,"multi_account_user7auto_recruit6":false,"multi_account_user24now_job_ui11":true,"multi_account_user24now_job_ui12":true,"multi_account_user24now_job_ui13":true,"multi_account_user15max_stone_times":"0","multi_account_user24now_job_ui14":true,"multi_account_user3fight_ui":"jm hd ce ls pr ap","multi_account_user7auto_recruit4":true,"multi_account_user7auto_recruit5":true,"multi_account_user24now_job_ui10":true,"multi_account_user5auto_recruit1":true,"multi_account_user5auto_recruit0":true,"multi_account_user13max_drug_times":"0","multi_account_user5max_drug_times":"0","multi_account_user5auto_recruit5":true,"multi_account_user24now_job_ui15":true,"multi_account_user5auto_recruit4":true,"pvmcgyjpiruxntduoxaexeqahiflxfnt":"作战关卡","mcswomotlezgqucgjagkrzaeyakcfszy":"作战关卡","multi_account_user24now_job_ui16":true,"multi_account_user5auto_recruit6":false,"tbssrtppdylexdhcbhybwskxwzdfmdux":"切号前关闭","multi_account_user3raise_plan_text":"","rqeinerdbzdiibbhsscavxenlgkcdkqk":"作战关卡","multi_account_user29now_job_ui13":true,"tmjdhcofjbyphwlnmvlnaebwatioexly":"账号06","multi_account_user29now_job_ui12":true,"multi_account_user7auto_recruit0":true,"multi_account_user29now_job_ui11":true,"multi_account_user7auto_recruit1":true,"multi_account_user29now_job_ui10":true,"multi_account_user29now_job_ui16":true,"multi_account_user29now_job_ui15":true,"dcvjaenoxcptuxlbiczrjtafhnfkwrjb":"导出帐密","multi_account_user29now_job_ui14":true,"multi_account_user11now_job_ui5":true,"twzgyilfunwnntkyzapczmawyubxsgle":"培养计划","multi_account_user11now_job_ui4":true,"vnchfkcqyewngzbqipdncplgqgpvicpe":"自动招募","multi_account_user11auto_recruit0":true,"multi_account_user11now_job_ui3":true,"multi_account_user5now_job_ui9":true,"multi_account_user11now_job_ui2":true,"multi_account_user11now_job_ui9":true,"multi_account_user21max_stone_times":"0","multi_account_user11now_job_ui8":true,"multi_account_user11now_job_ui7":true,"multi_account_user11now_job_ui6":true,"multi_account_user5now_job_ui4":true,"multi_account_user5now_job_ui3":true,"multi_account_user5now_job_ui2":true,"multi_account_user5now_job_ui1":true,"multi_account_user5now_job_ui8":true,"multi_account_user5now_job_ui7":true,"ktsjjjebraptjfcqgrjaxccgpgwvfazc":"密码","multi_account_user5now_job_ui6":true,"multi_account_user29max_drug_times":"0","multi_account_user5now_job_ui5":true,"multi_account_user17max_drug_times":"0","multi_account_user30max_stone_times":"0","xvjsfzwtmnkonnsiauvoougkpaiujsjp":"信用少买","multi_account_user10low_priority_goods":"碳 家 急","multi_account_user1max_drug_times":"0","multi_account_user11now_job_ui1":true,"fmxunlsqhaecessdwowfsooljuwzypbf":"信用多买","sekypgwptmhzvqhrgapjvhqkphyflyde":"培养计划","multi_account_user22auto_recruit0":true,"multi_account_user15max_drug_times":"0","cyofusuxzhdzdqhaxdfgceqiggzxmpvy":"作战吃药","dqxnjxbprizcnlxermdpsawehlvbnmoa":"自动招募","multi_account_user11auto_recruit6":false,"multi_account_user11auto_recruit5":true,"multi_account_user11auto_recruit1":true,"multi_account_user11auto_recruit4":true,"multi_account_user2raise_plan_text":"","multi_account_user28now_job_ui8":true,"multi_account_user28now_job_ui9":true,"zfhcphpvzmiegmaaqaksqelbpklpljcn":"信用多买","iyaywebtnyjlcojkacesoxlqnbipwqhr":"次","multi_account_user4high_priority_goods":"聘 土 装置 技","sgcuptdmyeehygfgtuemzjnrzsyzyxjd":"次，吃石头","multi_account_user8high_priority_goods":"聘 土 装置 技","uypqzjmbjuhfexykinrjnbbhewqutiiw":"账号03在","multi_account_user22auto_recruit5":true,"ouwjsbqskzgyomornutezlbvkzgdzrmm":"密码","multi_account_user22auto_recruit6":false,"multi_account_user22auto_recruit4":true,"byojupaggvrbpaoeafwoczuvglzffhrv":"作战吃药","leilotfsebzudmqtvscwdtgknijkfmch":"次，吃石头","multi_account_user22auto_recruit1":true,"multi_account_user10now_job_ui12":true,"svjkibbnkxmvcrpvgvieyoqmsborknwq":"账号28","multi_account_user28now_job_ui2":true,"multi_account_user10now_job_ui13":true,"multi_account_user28now_job_ui3":true,"multi_account_user10now_job_ui10":true,"multi_account_user10now_job_ui11":true,"tukrpostuquzdtdsuynnghimgghgzgon":"次，吃石头","multi_account_user28raise_plan_text":"","multi_account_user28now_job_ui1":true,"multi_account_user10now_job_ui16":true,"multi_account_user28now_job_ui6":true,"multi_account_user19max_drug_times":"0","multi_account_user28now_job_ui7":true,"multi_account_user10now_job_ui14":true,"multi_account_user28now_job_ui4":true,"multi_account_user10now_job_ui15":true,"multi_account_user28now_job_ui5":true,"pyoxjuqidurhewcugmzkikcllegvszeh":"培养计划","btndslmxvmkprezkivhjmeownwelkghq":"信用多买","multi_account_user24fight_ui":"jm hd ce ls pr ap","elpenleyhxliawuwuowjanlcdovyrwqb":"密码","yeqwvgcaoxcyuihtgfiohrwnaipsioqt":"#26","multi_account_user18now_job_ui13":true,"multi_account_user18now_job_ui12":true,"multi_account_user18now_job_ui11":true,"multi_account_user18now_job_ui10":true,"mfkrknbdspbjyhgwsjrhftxkhffrxzer":"#25","multi_account_user14max_stone_times":"0","multi_account_user18now_job_ui16":true,"multi_account_user18now_job_ui15":true,"multi_account_user18now_job_ui14":true}